{"loss": [2.6923835277557373, 2.5675089359283447, 2.50594425201416, 2.4547011852264404, 2.40303111076355, 2.358588695526123, 2.325986385345459, 2.3032846450805664, 2.2785956859588623, 2.2555441856384277, 2.242262363433838, 2.2284018993377686, 2.206786870956421, 2.1955814361572266, 2.1774184703826904, 2.164186954498291, 2.153634786605835, 2.1421220302581787, 2.128441572189331, 2.114719867706299, 2.107835531234741, 2.099428653717041, 2.0923173427581787, 2.081754446029663, 2.0743985176086426, 2.0687692165374756, 2.0585074424743652, 2.054555654525757, 2.0499110221862793, 2.043412923812866, 2.0388553142547607, 2.026963710784912, 2.0215282440185547, 2.0279862880706787, 2.0178446769714355, 2.0027434825897217, 1.9956706762313843, 1.9913833141326904, 1.9933178424835205, 1.9809505939483643, 1.9794923067092896, 1.9754700660705566], "mse": [3.0479788780212402, 2.8948421478271484, 2.8404455184936523, 2.8029978275299072, 2.779975652694702, 2.7746422290802, 2.765565872192383, 2.7521350383758545, 2.735222578048706, 2.716717004776001, 2.7114057540893555, 2.701497793197632, 2.677412271499634, 2.675583839416504, 2.651796340942383, 2.6419739723205566, 2.631929636001587, 2.6115686893463135, 2.588926076889038, 2.569176435470581, 2.5635015964508057, 2.5596559047698975, 2.547218084335327, 2.5159912109375, 2.5244522094726562, 2.5089852809906006, 2.4951183795928955, 2.494652032852173, 2.4934072494506836, 2.4781296253204346, 2.4713103771209717, 2.449957847595215, 2.435741901397705, 2.458463191986084, 2.444274663925171, 2.3966519832611084, 2.4009552001953125, 2.385270833969116, 2.4096732139587402, 2.3824942111968994, 2.373002052307129, 2.3668501377105713], "val_loss": [3.067164659500122, 3.0155885219573975, 2.9617743492126465, 2.918842315673828, 2.873577356338501, 2.8467421531677246, 2.864694356918335, 2.8519961833953857, 2.834512710571289, 2.8143086433410645, 2.7115273475646973, 2.776981830596924, 2.7176947593688965, 2.705221176147461, 2.718844413757324, 2.7177071571350098, 2.658012628555298, 2.6801323890686035, 2.651675224304199, 2.664581775665283, 2.664583683013916, 2.619418144226074, 2.634171485900879, 2.64243745803833, 2.637878894805908, 2.588940382003784, 2.6624979972839355, 2.6486244201660156, 2.614079236984253, 2.606724262237549, 2.6314563751220703, 2.582672595977783, 2.594788074493408, 2.5957655906677246, 2.598072052001953, 2.6382627487182617, 2.612802505493164, 2.6483356952667236, 2.587575912475586, 2.60734224319458, 2.600766181945801, 2.5840461254119873], "val_mse": [3.306439161300659, 3.386296510696411, 3.3559682369232178, 3.34968900680542, 3.436842918395996, 3.4428744316101074, 3.597288131713867, 3.6881425380706787, 3.7404680252075195, 3.5180063247680664, 3.282273769378662, 3.5879507064819336, 3.416403293609619, 3.3816609382629395, 3.487396478652954, 3.4589948654174805, 3.328274965286255, 3.30324387550354, 3.32789945602417, 3.379490613937378, 3.3855488300323486, 3.275421142578125, 3.250812530517578, 3.497690200805664, 3.265106678009033, 3.324723720550537, 3.376363515853882, 3.4244344234466553, 3.257197141647339, 3.2756545543670654, 3.333848476409912, 3.1945769786834717, 3.392902135848999, 3.264965772628784, 3.281214952468872, 3.3821754455566406, 3.3058149814605713, 3.4615139961242676, 3.3187367916107178, 3.3112871646881104, 3.2335238456726074, 3.372246742248535]}